round,region,seed.1,name.1,link.1,seed.2,name.2,link.2,win_pct.1,srs.1,sos.1,win_pct_home.1,win_pct_away.1,win_pct_conf.1,pace.1,off_rtg.1,fta_per_fga_pct.1,fg3a_per_fga_pct.1,ts_pct.1,trb_pct.1,ast_pct.1,stl_pct.1,blk_pct.1,efg_pct.1,tov_pct.1,orb_pct.1,ft_rate.1,conf.1,fg_pg.1,fg_pct.1,fg2_pg.1,fg2_pct.1,fg3_pg.1,fg3_pct.1,ft_pg.1,ft_pct.1,orb_pg.1,drb_pg.1,trb_pg.1,ast_pg.1,stl_pg.1,blk_pg.1,tov_pg.1,pf_pg.1,pts_pg.1,fg_pg_opp.1,fg_pct_opp.1,fg2_pg_opp.1,fg2_pct_opp.1,fg3_pg_opp.1,fg3_pct_opp.1,ft_pg_opp.1,ft_pct_opp.1,orb_pg_opp.1,drb_pg_opp.1,trb_pg_opp.1,ast_pg_opp.1,stl_pg_opp.1,blk_pg_opp.1,tov_pg_opp.1,pf_pg_opp.1,pts_pg_opp.1,mp_bench_pct.1,pts_bench_pct.1,height_avg.1,height_max.1,exp_avg.1,rsci_pct.1,min_return.1,pts_return.1,win_pct.2,srs.2,sos.2,win_pct_home.2,win_pct_away.2,win_pct_conf.2,pace.2,off_rtg.2,fta_per_fga_pct.2,fg3a_per_fga_pct.2,ts_pct.2,trb_pct.2,ast_pct.2,stl_pct.2,blk_pct.2,efg_pct.2,tov_pct.2,orb_pct.2,ft_rate.2,conf.2,fg_pg.2,fg_pct.2,fg2_pg.2,fg2_pct.2,fg3_pg.2,fg3_pct.2,ft_pg.2,ft_pct.2,orb_pg.2,drb_pg.2,trb_pg.2,ast_pg.2,stl_pg.2,blk_pg.2,tov_pg.2,pf_pg.2,pts_pg.2,fg_pg_opp.2,fg_pct_opp.2,fg2_pg_opp.2,fg2_pct_opp.2,fg3_pg_opp.2,fg3_pct_opp.2,ft_pg_opp.2,ft_pct_opp.2,orb_pg_opp.2,drb_pg_opp.2,trb_pg_opp.2,ast_pg_opp.2,stl_pg_opp.2,blk_pg_opp.2,tov_pg_opp.2,pf_pg_opp.2,pts_pg_opp.2,mp_bench_pct.2,pts_bench_pct.2,height_avg.2,height_max.2,exp_avg.2,rsci_pct.2,min_return.2,pts_return.2
0,east,16,American,/cbb/schools/american/men/2025.html,16,Mount St. Mary's,/cbb/schools/mount-st-marys/men/2025.html,0.647,-7.01,-6.54,0.875,0.3333333333333333,0.7222222222222222,64.4,105.1,0.304,0.449,0.555,48.4,52.4,10.1,5.3,0.521,15.2,24.4,0.23,patriot,23.9,.443,15.5,.521,8.4,.347,12.4,.756,7.7,22.6,30.3,12.5,6.6,1.9,11.1,17.9,68.6,24.2,.454,18.1,.521,6.1,.329,12.8,.696,8.5,23.8,32.3,12.1,6.0,2.8,11.9,15.7,67.3,NA,NA,76.5,81,3.3333333333333335,0,79.6,78.3,0.647,-7.79,-7.28,0.7142857142857143,0.5294117647058824,0.6,68,102,0.316,0.41,0.547,53.1,60.7,8.9,8.2,0.514,19.1,31.5,0.232,maac,24.7,.442,16.7,.508,8.0,.348,13.0,.734,10.3,27.4,37.7,15.0,6.1,2.8,15.1,15.8,70.4,24.7,.406,16.3,.482,8.4,.312,11.9,.735,10.9,22.4,33.3,13.0,8.9,3.1,11.2,16.2,69.8,NA,NA,77.33333333333333,81,3.1666666666666665,0,34.5,32
0,midwest,11,Texas,/cbb/schools/texas/men/2025.html,11,Xavier,/cbb/schools/xavier/men/2025.html,0.559,16.18,9.98,0.6111111111111112,0.4,0.3333333333333333,68.4,113,0.366,0.354,0.565,50.6,47.5,9.1,11.7,0.525,12.5,29.8,0.274,sec,27.3,.462,19.8,.518,7.5,.360,16.2,.749,10.2,25.5,35.7,13.0,6.3,4.4,9.9,18.9,78.4,24.6,.424,17.6,.475,7.0,.333,16.0,.701,10.8,24.1,34.9,11.9,5.8,3.1,11.5,18.8,72.2,NA,NA,77.66666666666667,83,3.3333333333333335,0.6666666666666666,20.8,21,0.656,15.56,8.41,0.8823529411764706,0.4166666666666667,0.65,69.4,111.5,0.372,0.374,0.584,51,63.9,11,7.2,0.539,14.4,25.2,0.295,big-east,26.5,.466,18.3,.513,8.3,.388,16.8,.794,8.0,25.7,33.7,16.9,7.7,2.6,11.2,15.6,78.0,25.9,.443,18.5,.505,7.3,.339,11.8,.718,8.7,23.7,32.3,14.5,5.9,4.0,12.3,18.0,70.9,NA,NA,76.5,81,3.5,0.16666666666666666,32.3,29.2
0,south,16,Alabama St.,/cbb/schools/alabama-state/men/2025.html,16,Saint Francis U,/cbb/schools/saint-francis-pa/men/2025.html,0.559,-9.23,-8.93,0.7272727272727273,0.375,0.6666666666666666,69.5,105.3,0.297,0.428,0.507,47.8,45.8,11.2,8.2,0.476,11.2,28.9,0.206,swac,25.7,.405,16.7,.461,9.0,.330,13.1,.692,11.7,24.6,36.2,11.8,7.8,2.9,9.1,18.2,73.4,24.8,.435,17.4,.502,7.4,.331,15.3,.699,10.9,28.7,39.6,12.3,5.2,3.3,13.1,16.1,72.2,NA,NA,76.33333333333333,82,3.3333333333333335,0,62.4,66.5,0.485,-12.53,-7.07,0.7142857142857143,0.3157894736842105,0.5,67.1,104,0.231,0.42,0.555,49.7,53.4,9.3,7,0.532,16.7,26.4,0.168,northeast,26.6,.461,18.4,.550,8.2,.339,9.7,.727,8.7,25.3,34.0,14.2,6.3,2.4,12.9,15.2,71.1,25.8,.432,17.8,.525,7.9,.309,12.2,.736,10.1,24.2,34.4,13.1,8.0,2.9,11.2,14.2,71.6,NA,NA,75.66666666666667,79,1.8333333333333333,0,60.2,53.9
0,south,11,San Diego St.,/cbb/schools/san-diego-state/men/2025.html,11,North Carolina,/cbb/schools/north-carolina/men/2025.html,0.7,13.77,8.04,0.8,0.6,0.7,66.2,106.1,0.314,0.4,0.536,50,51.3,11.5,18.7,0.511,14.2,29.8,0.209,mwc,25.5,.444,17.8,.516,7.7,.335,12.0,.666,10.2,25.2,35.4,13.1,7.7,5.5,11.0,18.5,70.9,20.8,.378,13.0,.445,7.8,.302,14.1,.700,11.4,24.0,35.3,10.5,5.9,2.9,13.4,17.6,63.6,NA,NA,77.5,84,3,0,25.8,21.4,0.629,17.16,11.33,0.8,0.5,0.65,70.8,113.4,0.348,0.37,0.575,52.1,51,8.3,9.7,0.542,13.3,29.2,0.257,acc,28.7,.476,20.8,.549,7.9,.353,15.5,.737,9.8,26.9,36.7,14.7,5.9,3.7,10.8,16.8,80.8,26.7,.432,18.8,.492,7.8,.335,13.8,.748,10.0,23.7,33.7,12.7,6.1,4.0,10.8,17.3,75.0,NA,NA,75.66666666666667,80,2.3333333333333335,0.8333333333333334,47.6,50.6
1,east,1,Duke,/cbb/schools/duke/men/2025.html,16,NA,NA,0.912,30.31,9.51,1,0.9090909090909091,0.95,66.6,124.2,0.321,0.454,0.607,55.8,58.1,10.4,10.6,0.574,12.3,35.2,0.252,acc,28.9,.488,18.7,.580,10.1,.377,14.9,.784,11.2,27.4,38.6,16.8,6.9,3.8,9.6,15.9,82.7,22.3,.386,15.6,.434,6.8,.309,10.5,.715,9.9,20.6,30.5,11.5,5.4,3.1,11.8,16.5,61.9,NA,NA,79.66666666666667,86,1.6666666666666667,0.8333333333333334,23.6,19.4,NA,NA,NA,NA,NA,NA,NA,NA,NA,NA,NA,NA,NA,NA,NA,NA,NA,NA,NA,NA,NA,NA,NA,NA,NA,NA,NA,NA,NA,NA,NA,NA,NA,NA,NA,NA,NA,NA,NA,NA,NA,NA,NA,NA,NA,NA,NA,NA,NA,NA,NA,NA,NA,NA,NA,NA,NA,NA,NA,NA,NA,NA
1,east,8,Mississippi State,/cbb/schools/mississippi-state/men/2025.html,9,Baylor,/cbb/schools/baylor/men/2025.html,0.636,17.53,11.92,0.6666666666666666,0.5454545454545454,0.4444444444444444,69.7,113.1,0.316,0.423,0.546,51.7,53.3,13.1,14.3,0.517,12.7,34.1,0.221,sec,28.6,.451,20.2,.552,8.4,.314,14.1,.700,13.0,25.2,38.2,15.3,9.2,4.6,10.6,17.4,79.8,25.4,.439,16.2,.501,9.2,.361,14.2,.695,10.5,25.1,35.6,13.5,6.1,3.2,13.4,17.3,74.2,NA,NA,77,82,3.3333333333333335,0.3333333333333333,42.5,47.4,0.576,19.42,13.57,0.8125,0.25,0.5,66,113.6,0.306,0.399,0.552,52.4,53.9,11.4,8.7,0.518,13.7,36.2,0.228,big-12,27.1,.448,18.6,.513,8.5,.351,13.8,.745,12.7,23.2,36.0,14.6,7.6,2.9,11.0,16.3,76.5,24.2,.433,16.3,.490,7.9,.350,12.9,.697,10.3,22.4,32.7,14.4,6.0,3.9,12.7,16.7,69.2,NA,NA,76,79,3,0.5,30,28.6
1,east,5,Oregon,/cbb/schools/oregon/men/2025.html,12,Liberty,/cbb/schools/liberty/men/2025.html,0.727,17.49,12.21,0.75,0.6363636363636364,0.6,68.6,109.9,0.334,0.386,0.561,51.4,54.4,10.3,10.1,0.522,14.2,30.6,0.255,big-ten,26.8,.457,19.1,.530,7.7,.340,14.9,.763,10.2,25.3,35.5,14.6,7.2,3.8,11.3,16.4,76.2,25.9,.431,18.8,.500,7.1,.317,12.0,.721,10.5,23.2,33.7,13.0,6.1,3.2,12.2,17.8,70.9,NA,NA,77.33333333333333,84,3.6666666666666665,0.3333333333333333,46.7,42.2,0.824,8.22,-1.39,0.8,0.8181818181818182,0.7222222222222222,67,113.8,0.293,0.485,0.602,49.2,61.2,9.8,7.7,0.589,13.7,20.7,0.194,cusa,27.6,.494,17.0,.593,10.6,.390,10.8,.661,6.4,26.6,33.0,16.9,6.6,2.9,10.1,13.5,76.6,23.3,.401,17.5,.466,5.8,.283,10.5,.735,9.6,24.5,34.1,9.4,6.0,2.5,12.0,14.4,62.9,NA,NA,75.5,80,3.3333333333333335,0,53.7,51.1
1,east,4,Arizona,/cbb/schools/arizona/men/2025.html,13,Akron,/cbb/schools/akron/men/2025.html,0.647,23.12,13.82,0.8125,0.5454545454545454,0.7,70.2,115.6,0.366,0.346,0.573,54.7,56.7,10.9,12,0.529,13.8,35.9,0.287,big-12,28.7,.473,21.9,.551,6.8,.324,17.4,.784,12.2,27.4,39.6,16.3,7.7,4.3,11.5,16.6,81.7,25.5,.415,16.9,.472,8.6,.336,12.8,.714,10.9,21.9,32.7,13.6,6.4,2.7,11.8,17.7,72.4,NA,NA,78.16666666666667,84,3,0.6666666666666666,42.6,42.8,0.824,3.54,-4.52,1,0.6666666666666666,0.9444444444444444,72.4,116.3,0.259,0.461,0.583,53,59.2,10.6,9.8,0.557,14.2,33.5,0.195,mac,30.6,.473,19.7,.566,10.9,.364,12.6,.753,12.1,26.9,39.0,18.1,7.7,3.7,12.0,17.9,84.6,26.3,.428,18.9,.499,7.4,.314,14.5,.723,10.6,23.9,34.5,11.7,7.1,2.3,12.6,16.5,74.5,NA,NA,74.33333333333333,79,3.1666666666666665,0,25,20.7
1,east,6,BYU,/cbb/schools/brigham-young/men/2025.html,11,VCU,/cbb/schools/virginia-commonwealth/men/2025.html,0.727,19.8,9.71,0.8823529411764706,0.5454545454545454,0.7,67.8,117.3,0.302,0.483,0.593,54.3,59.9,10.4,9.8,0.572,15.1,33.3,0.213,big-12,28.8,.482,18.1,.586,10.7,.371,12.7,.705,11.1,26.4,37.5,17.2,7.2,3.2,12.1,16.1,81.0,24.9,.429,15.9,.493,9.0,.348,12.1,.706,9.3,22.2,31.5,13.0,6.6,2.6,11.9,16.5,70.9,NA,NA,77.83333333333333,81,3,0,49,49.6,0.824,15.17,1.35,0.9375,0.7,0.8333333333333334,66.7,115.2,0.328,0.476,0.56,53.5,56.4,12.1,15.6,0.525,14.1,37.1,0.244,atlantic-10,26.6,.446,17.1,.548,9.5,.334,14.5,.744,13.3,25.1,38.4,15.0,8.1,5.5,11.3,17.9,77.1,21.2,.388,15.4,.433,5.8,.304,14.2,.717,10.8,22.5,33.3,9.9,6.6,2.3,13.8,17.1,62.4,NA,NA,76.83333333333333,82,3.8333333333333335,0.3333333333333333,60.9,64.7
1,east,3,Wisconsin,/cbb/schools/wisconsin/men/2025.html,14,Montana,/cbb/schools/montana/men/2025.html,0.743,20.94,11.65,0.8235294117647058,0.5454545454545454,0.65,68.6,115.7,0.338,0.481,0.582,51.8,54.9,7.5,6.1,0.536,12.4,28,0.279,big-ten,26.7,.452,16.7,.547,9.9,.349,16.5,.828,9.4,27.1,36.5,14.6,5.2,2.3,9.7,16.7,79.7,25.1,.414,17.3,.468,7.8,.330,12.3,.723,9.8,24.1,34.0,12.4,4.7,3.3,10.0,18.5,70.4,NA,NA,77.83333333333333,84,3.3333333333333335,0.16666666666666666,51.4,47,0.735,-1.14,-1.92,0.9375,0.4666666666666667,0.8333333333333334,68,112.7,0.354,0.37,0.598,49.4,49.1,9.2,8.5,0.568,14.5,23.8,0.26,big-sky,27.6,.502,20.3,.585,7.3,.360,14.3,.736,7.2,24.6,31.7,13.6,6.3,3.3,10.9,16.1,76.9,26.6,.455,20.0,.522,6.6,.328,13.1,.738,9.5,23.0,32.5,12.4,5.5,2.8,10.9,17.6,72.9,NA,NA,76.5,80,3.1666666666666665,0,30.9,32.9
1,east,7,Saint Mary's,/cbb/schools/saint-marys-ca/men/2025.html,10,Vanderbilt,/cbb/schools/vanderbilt/men/2025.html,0.848,17.74,5.74,0.9411764705882353,0.9,0.9444444444444444,63.7,114.6,0.312,0.336,0.538,57.8,57.2,9.7,10.3,0.51,12.5,40.4,0.217,wcc,27.1,.455,20.6,.522,6.5,.323,12.9,.694,14.1,25.7,39.8,15.5,6.2,3.9,9.8,15.0,73.5,22.6,.408,17.3,.453,5.3,.308,10.1,.742,8.4,20.7,29.1,12.3,5.2,2.8,10.8,16.7,60.7,NA,NA,77.66666666666667,82,2.8333333333333335,0,47.3,48.7,0.625,15.02,10.18,0.8235294117647058,0.3,0.4444444444444444,70.2,113,0.34,0.402,0.554,50.3,50.1,12.8,11.4,0.517,12.6,32.2,0.254,sec,27.9,.451,19.8,.536,8.1,.325,15.7,.747,11.7,23.2,34.9,14.0,9.0,4.0,10.4,18.0,79.6,25.7,.460,18.0,.515,7.7,.369,15.7,.720,9.8,24.7,34.5,12.2,5.8,4.2,14.1,17.6,74.8,NA,NA,77,80,3,0.3333333333333333,10.4,4.8
1,east,2,Alabama,/cbb/schools/alabama/men/2025.html,15,Robert Morris,/cbb/schools/robert-morris/men/2025.html,0.758,25.96,16.26,0.8,0.75,0.7222222222222222,76.2,118.7,0.401,0.462,0.594,54,54.1,7.9,10.1,0.563,14.3,34.7,0.287,sec,31.1,.483,20.7,.597,10.4,.350,18.5,.716,12.9,30.2,43.1,16.8,6.1,4.5,12.8,19.0,91.1,28.9,.425,21.5,.488,7.4,.308,16.2,.704,12.5,24.3,36.7,12.7,7.8,4.2,10.4,20.8,81.4,NA,NA,77.16666666666667,83,3.1666666666666665,0.5,51.2,54.4,0.765,-0.05,-5.81,0.8888888888888888,0.5714285714285714,0.75,68.6,110,0.384,0.367,0.553,53.5,60.5,9.1,12.1,0.515,15.8,35.6,0.277,horizon,26.5,.451,18.9,.509,7.6,.350,16.3,.722,12.4,24.9,37.4,16.0,6.4,4.5,13.0,16.5,76.9,25.5,.438,18.5,.494,7.0,.336,12.4,.721,9.9,22.5,32.5,13.0,7.1,3.5,13.1,19.2,70.4,NA,NA,76.66666666666667,81,2.8333333333333335,0,31,28.4
1,midwest,1,Houston,/cbb/schools/houston/men/2025.html,16,SIU-Edwardsville,/cbb/schools/southern-illinois-edwardsville/men/2025.html,0.882,28.44,12.7,0.9411764705882353,1,0.95,62.4,116.7,0.282,0.345,0.557,53.4,44.4,12.5,15.8,0.527,12.2,36.1,0.209,big-12,26.9,.458,18.9,.490,8.1,.398,12.3,.741,12.3,23.9,36.2,12.0,7.9,4.6,9.3,16.4,74.2,19.6,.383,12.8,.439,6.8,.309,12.4,.709,9.9,21.7,31.6,10.8,4.9,2.5,13.8,16.2,58.5,NA,NA,75.83333333333333,79,3.5,0.5,75.1,73.1,0.667,-5.85,-8.48,0.8,0.4666666666666667,0.65,67.9,106.1,0.322,0.365,0.525,52,52.5,9.8,11.4,0.496,14.1,32.3,0.218,ovc,26.0,.434,18.5,.487,7.5,.341,13.1,.676,12.0,26.5,38.5,13.7,6.7,4.0,11.4,16.5,72.6,23.0,.402,15.7,.450,7.3,.327,12.8,.708,10.3,25.2,35.5,11.4,6.3,2.8,12.7,16.8,66.1,NA,NA,77.83333333333333,82,3.1666666666666665,0,38,34.5
1,midwest,8,Gonzaga,/cbb/schools/gonzaga/men/2025.html,9,Georgia,/cbb/schools/georgia/men/2025.html,0.758,23.62,6.62,0.8666666666666667,0.8,0.7777777777777778,70.5,121.5,0.309,0.335,0.594,54,61.9,10.7,8.3,0.557,11.4,32.7,0.247,wcc,31.8,.500,24.5,.578,7.3,.344,15.7,.801,11.2,27.4,38.6,19.7,7.6,3.0,9.4,16.7,86.6,24.9,.414,17.5,.491,7.4,.302,12.5,.728,9.8,23.0,32.9,12.1,5.2,3.4,13.0,17.8,69.6,NA,NA,78,82,3.6666666666666665,0.3333333333333333,81.2,80.3,0.625,17.23,10.98,0.8333333333333334,0.3,0.4444444444444444,68.5,110.3,0.398,0.368,0.562,53,47.6,11.3,14.7,0.525,16.1,36.1,0.286,sec,26.2,.464,19.3,.538,7.0,.335,16.2,.717,11.8,24.8,36.6,12.5,7.7,5.2,12.9,16.7,75.6,24.3,.409,16.8,.478,7.4,.309,13.3,.737,11.6,20.9,32.5,11.8,8.1,3.3,12.3,19.8,69.3,NA,NA,78.16666666666667,83,2.6666666666666665,0.5,28.7,26.2
1,midwest,5,Clemson,/cbb/schools/clemson/men/2025.html,12,McNeese State,/cbb/schools/mcneese-state/men/2025.html,0.818,18.5,7.84,0.8823529411764706,0.75,0.9,65,114.8,0.282,0.384,0.568,52.2,52.3,11.3,10.4,0.536,13.5,33.7,0.216,acc,27.5,.465,19.1,.523,8.5,.372,12.8,.766,11.2,24.1,35.3,14.4,7.5,3.6,10.5,15.2,76.3,24.0,.427,17.1,.493,6.9,.322,10.8,.695,10.3,22.0,32.3,10.5,6.2,2.9,13.4,16.2,65.7,NA,NA,78.25,83,3.6666666666666665,0.16666666666666666,46.4,39.8,0.818,8.88,-2.35,0.9285714285714286,0.8333333333333334,0.95,66.4,116.4,0.352,0.369,0.574,52.7,51,13.6,11.4,0.546,13.9,35.1,0.25,southland,27.6,.479,20.0,.550,7.6,.359,14.4,.710,11.7,24.5,36.2,14.1,9.0,3.4,10.8,16.1,77.2,22.1,.402,14.0,.471,8.1,.320,11.8,.714,10.9,21.6,32.5,12.2,6.3,3.0,14.5,15.9,64.0,NA,NA,76.83333333333333,79,3.5,0,50.6,48.8
1,midwest,4,Purdue,/cbb/schools/purdue/men/2025.html,13,High Point,/cbb/schools/high-point/men/2025.html,0.667,20.68,13.89,0.875,0.45454545454545453,0.65,66.6,117,0.346,0.381,0.592,51.1,57.7,9.8,5.3,0.563,13.6,31,0.253,big-ten,27.7,.490,19.4,.555,8.3,.385,14.3,.730,9.5,22.8,32.4,16.0,6.5,1.7,10.4,16.1,77.9,25.5,.455,18.2,.564,7.4,.307,12.6,.726,9.7,21.2,30.9,14.8,5.9,3.1,11.8,17.9,71.1,NA,NA,77.16666666666667,82,2.6666666666666665,0.5,54.2,46.3,0.853,5.39,-5.8,0.9411764705882353,0.7,0.875,67.3,121.7,0.372,0.389,0.601,54.3,45.1,9.1,7.9,0.565,13.2,35.5,0.284,big-south,28.7,.494,20.5,.577,8.2,.364,16.5,.763,11.3,25.2,36.4,13.0,6.2,2.9,10.4,18.0,82.2,24.1,.426,17.4,.481,6.6,.327,14.0,.701,10.2,20.5,30.7,10.4,5.0,2.7,11.7,18.4,68.8,NA,NA,75.5,79,3.8333333333333335,0.16666666666666666,74.9,74.1
1,midwest,6,Illinois,/cbb/schools/illinois/men/2025.html,11,NA,NA,0.636,21.7,12.49,0.7647058823529411,0.5,0.6,72.4,115,0.346,0.469,0.562,55.8,51.9,6,9.1,0.523,13.4,36,0.263,big-ten,28.8,.450,19.5,.573,9.4,.311,16.8,.759,13.1,29.5,42.5,15.0,4.4,4.2,11.5,16.2,83.8,27.7,.422,21.1,.461,6.6,.333,12.5,.712,10.5,23.2,33.7,12.7,6.4,3.0,9.2,18.3,74.6,NA,NA,79.5,85,2.1666666666666665,0.16666666666666666,14.2,9.6,NA,NA,NA,NA,NA,NA,NA,NA,NA,NA,NA,NA,NA,NA,NA,NA,NA,NA,NA,NA,NA,NA,NA,NA,NA,NA,NA,NA,NA,NA,NA,NA,NA,NA,NA,NA,NA,NA,NA,NA,NA,NA,NA,NA,NA,NA,NA,NA,NA,NA,NA,NA,NA,NA,NA,NA,NA,NA,NA,NA,NA,NA
1,midwest,3,Kentucky,/cbb/schools/kentucky/men/2025.html,14,Troy,/cbb/schools/troy/men/2025.html,0.667,21.61,14.18,0.8333333333333334,0.4,0.5555555555555556,72.7,117,0.359,0.417,0.592,52.4,56.7,9.3,11.3,0.56,13.3,28.7,0.265,sec,29.7,.482,20.1,.559,9.6,.374,16.3,.738,10.1,28.4,38.5,16.8,6.8,4.0,11.1,17.4,85.3,27.6,.437,19.2,.537,8.5,.308,14.1,.720,9.9,25.1,35.0,12.8,6.3,2.9,10.2,17.9,77.9,NA,NA,78.5,82,3.8333333333333335,0.3333333333333333,NA,NA,0.697,3.61,-2.85,0.7333333333333333,0.6,0.7222222222222222,67.5,109.5,0.387,0.447,0.545,53.9,55.4,14,13.2,0.505,16.6,39.5,0.279,sun-belt,25.1,.438,17.5,.551,7.7,.299,16.0,.720,13.9,24.6,38.6,13.9,9.4,4.7,13.5,16.7,73.9,23.1,.403,16.2,.452,6.9,.322,12.3,.714,11.7,21.3,33.0,11.6,7.7,3.1,13.7,17.6,65.4,NA,NA,77.16666666666667,80,2.5,0,70.7,65.8
1,midwest,7,UCLA,/cbb/schools/ucla/men/2025.html,10,Utah State,/cbb/schools/utah-state/men/2025.html,0.688,19.22,10.19,0.8823529411764706,0.5,0.65,66.6,112.3,0.329,0.36,0.558,51.2,60.5,12.2,10.5,0.53,13.7,32.8,0.232,big-ten,27.0,.466,19.7,.531,7.3,.352,13.4,.703,10.8,21.8,32.7,16.3,8.1,3.0,10.6,17.4,74.8,22.3,.431,14.6,.512,7.7,.332,13.4,.749,9.0,22.2,31.2,12.9,5.7,2.6,15.2,17.7,65.7,NA,NA,77,81,2.8333333333333335,0.6666666666666666,60.7,64.4,0.788,14.46,5.21,0.8823529411764706,0.6363636363636364,0.75,67.5,119.8,0.375,0.425,0.593,52.3,61.4,12.8,9.1,0.567,13.6,34.9,0.263,mwc,28.3,.490,19.4,.581,9.0,.365,15.2,.703,11.5,23.1,34.6,17.4,8.6,2.8,10.7,18.4,80.9,24.0,.440,15.9,.518,8.1,.339,13.9,.718,10.2,21.4,31.6,14.2,6.5,3.1,13.9,18.3,70.0,NA,NA,76,80,3.3333333333333335,0.16666666666666666,38,40.3
1,midwest,2,Tennessee,/cbb/schools/tennessee/men/2025.html,15,Wofford,/cbb/schools/wofford/men/2025.html,0.794,24.86,13.15,0.9411764705882353,0.5454545454545454,0.6666666666666666,65.5,114.2,0.354,0.43,0.565,53.6,60.2,10.6,16.1,0.528,13.7,35.4,0.263,sec,25.8,.455,17.5,.541,8.3,.340,14.9,.743,11.5,25.2,36.6,15.5,6.9,5.0,10.5,15.5,74.7,21.7,.382,14.6,.467,7.1,.278,12.4,.740,10.8,20.9,31.7,10.1,5.8,2.9,11.7,17.7,63.0,NA,NA,77,83,3.8333333333333335,0.3333333333333333,37.6,32,0.559,-0.28,-3.03,0.5384615384615384,0.5,0.5555555555555556,65.3,114.4,0.307,0.48,0.555,55.5,56,9.2,8.7,0.535,13.9,37,0.203,southern,26.8,.453,17.1,.557,9.7,.341,12.0,.661,13.0,25.4,38.4,15.0,6.1,2.6,10.9,16.8,75.3,23.9,.435,15.3,.518,8.6,.338,13.4,.691,8.6,22.1,30.8,11.7,6.2,2.9,10.3,16.2,69.8,NA,NA,77,81,3.5,0,72.9,79.9
1,south,1,Auburn,/cbb/schools/auburn/men/2025.html,16,NA,NA,0.848,29.57,15.33,0.8666666666666667,0.8,0.8333333333333334,68.9,121.3,0.335,0.406,0.588,52.6,55.5,10.1,16.5,0.557,11.5,34.3,0.248,sec,29.7,.483,20.5,.561,9.2,.368,15.3,.740,11.7,25.4,37.1,16.5,7.0,6.2,9.2,18.6,83.8,23.6,.409,17.7,.472,5.8,.292,16.6,.735,11.0,22.3,33.3,9.5,6.1,2.7,12.0,17.5,69.6,NA,NA,77.5,82,3.5,0.16666666666666666,56.6,58.2,NA,NA,NA,NA,NA,NA,NA,NA,NA,NA,NA,NA,NA,NA,NA,NA,NA,NA,NA,NA,NA,NA,NA,NA,NA,NA,NA,NA,NA,NA,NA,NA,NA,NA,NA,NA,NA,NA,NA,NA,NA,NA,NA,NA,NA,NA,NA,NA,NA,NA,NA,NA,NA,NA,NA,NA,NA,NA,NA,NA,NA,NA
1,south,8,Louisville,/cbb/schools/louisville/men/2025.html,9,Creighton,/cbb/schools/creighton/men/2025.html,0.794,19.29,9.61,0.8235294117647058,0.8181818181818182,0.9,69,113.5,0.345,0.481,0.569,52.9,51.9,9.3,8.1,0.534,14.2,32.2,0.257,acc,27.0,.454,17.6,.570,9.4,.330,15.2,.744,11.2,26.3,37.4,14.0,6.4,2.9,11.4,15.5,78.6,24.9,.425,17.1,.483,7.9,.337,11.2,.714,9.8,23.5,33.3,11.6,6.5,3.0,12.9,18.6,68.9,NA,NA,78.33333333333333,83,3.6666666666666665,0,0.2,0.1,0.706,16.35,10.64,0.8823529411764706,0.5454545454545454,0.75,67.6,110.5,0.285,0.49,0.583,52.4,63.4,5.4,10.7,0.558,16,26.9,0.209,big-east,27.0,.475,17.5,.605,9.4,.339,11.9,.733,8.6,29.1,37.7,17.1,3.7,4.6,12.3,10.9,75.2,27.0,.412,19.5,.458,7.6,.327,7.9,.714,10.9,23.4,34.3,11.7,8.1,3.1,8.0,15.8,69.5,NA,NA,79.83333333333333,84,2.8333333333333335,0.3333333333333333,51.3,49.1
1,south,5,Michigan,/cbb/schools/michigan/men/2025.html,12,UC-San Diego,/cbb/schools/california-san-diego/men/2025.html,0.735,20.16,13.13,0.8125,0.7,0.7,70.6,110.1,0.35,0.425,0.577,53.3,58.5,7.7,9.3,0.545,17.2,33.2,0.255,big-ten,27.6,.474,19.3,.577,8.3,.334,14.8,.728,10.9,27.3,38.2,16.1,5.5,3.6,14.1,17.1,78.3,25.3,.402,17.6,.459,7.6,.313,13.1,.730,11.6,21.9,33.5,11.4,7.3,2.5,11.4,18.3,71.2,NA,NA,79.16666666666667,85,3.5,0.3333333333333333,26.7,23.4,0.882,13.02,-2.07,0.8666666666666667,0.8571428571428571,0.9,67.4,118.3,0.325,0.504,0.588,49.8,58.3,14.7,7.3,0.558,11.4,26.8,0.242,big-west,27.4,.466,16.5,.567,10.8,.366,14.2,.746,9.1,24.8,33.9,15.9,9.9,2.2,8.7,16.4,79.8,21.1,.396,13.4,.449,7.8,.329,11.6,.750,9.3,24.9,34.1,11.1,4.6,2.8,16.0,16.1,61.6,NA,NA,77.66666666666667,80,3.3333333333333335,0,47.7,46.8
1,south,4,Texas A&M,/cbb/schools/texas-am/men/2025.html,13,Yale,/cbb/schools/yale/men/2025.html,0.688,20.04,13.66,0.8125,0.5,0.6111111111111112,67.5,109.3,0.417,0.376,0.517,56.3,47.7,11.1,13.9,0.475,14.7,42,0.29,sec,25.0,.416,18.0,.480,7.0,.311,17.4,.695,16.2,25.0,41.2,11.9,7.5,4.1,12.3,17.3,74.3,22.2,.403,13.6,.465,8.6,.334,14.9,.768,9.7,22.3,32.0,14.4,8.0,5.5,13.4,19.9,67.9,NA,NA,77,81,3.8333333333333335,0.3333333333333333,78.4,76.9,0.759,6.78,-3.65,1,0.5384615384615384,0.9285714285714286,68.9,118.5,0.315,0.322,0.581,55.1,54.5,8.4,12,0.553,12.4,33.5,0.231,ivy,30.0,.490,22.3,.539,7.6,.388,14.1,.732,11.1,27.6,38.7,16.3,5.8,3.7,10.0,16.1,81.7,23.9,.406,14.6,.475,9.3,.330,12.7,.758,9.4,22.1,31.5,14.0,5.8,3.1,11.3,17.3,69.7,NA,NA,78.33333333333333,82,2.8333333333333335,0,59,53.8
1,south,6,Ole Miss,/cbb/schools/mississippi/men/2025.html,11,NA,NA,0.667,17.92,12.47,0.8125,0.45454545454545453,0.5555555555555556,69.3,110.5,0.356,0.402,0.549,46.7,53.5,12.6,12.4,0.511,11.3,25.4,0.263,sec,26.6,.442,18.3,.510,8.2,.341,15.8,.738,9.2,23.8,33.1,14.2,8.8,3.8,8.9,18.2,77.2,24.1,.433,16.1,.516,8.0,.327,15.5,.705,10.6,27.1,37.7,14.0,5.8,4.0,14.3,17.9,71.7,NA,NA,76.33333333333333,81,3.8333333333333335,0.3333333333333333,58,65,NA,NA,NA,NA,NA,NA,NA,NA,NA,NA,NA,NA,NA,NA,NA,NA,NA,NA,NA,NA,NA,NA,NA,NA,NA,NA,NA,NA,NA,NA,NA,NA,NA,NA,NA,NA,NA,NA,NA,NA,NA,NA,NA,NA,NA,NA,NA,NA,NA,NA,NA,NA,NA,NA,NA,NA,NA,NA,NA,NA,NA,NA
1,south,3,Iowa State,/cbb/schools/iowa-state/men/2025.html,14,Lipscomb,/cbb/schools/lipscomb/men/2025.html,0.727,23.04,10.73,0.8823529411764706,0.5454545454545454,0.65,69.5,114,0.385,0.369,0.585,52.7,53.9,13.3,10.2,0.546,14.8,32.2,0.291,big-12,27.9,.480,20.2,.551,7.7,.358,16.9,.757,10.3,25.1,35.4,15.0,9.4,3.5,11.9,16.1,80.4,23.9,.417,16.2,.475,7.8,.332,12.4,.750,10.0,21.8,31.8,13.2,7.4,3.4,15.4,18.3,68.1,NA,NA,78,82,3.3333333333333335,0.16666666666666666,64.4,66.1,0.735,5.06,-4.88,0.8333333333333334,0.625,0.7777777777777778,68,116.2,0.306,0.472,0.593,51.4,54.7,10.2,8,0.558,12.5,25.7,0.243,atlantic-sun,27.6,.473,17.7,.575,9.9,.359,14.2,.794,8.3,27.5,35.8,15.1,6.9,3.1,9.5,12.6,79.3,25.8,.422,18.7,.491,7.1,.308,8.7,.669,9.9,23.9,33.9,10.0,6.1,3.0,11.1,15.8,67.3,NA,NA,77.16666666666667,82,3.5,0,47.6,42.2
1,south,7,Marquette,/cbb/schools/marquette/men/2025.html,10,New Mexico,/cbb/schools/new-mexico/men/2025.html,0.697,18.88,10.55,0.8235294117647058,0.5384615384615384,0.65,68.1,112,0.261,0.463,0.547,48.8,49.5,13.2,10.9,0.52,11.7,30.1,0.188,big-east,27.8,.445,18.5,.549,9.4,.325,11.8,.723,11.0,23.2,34.2,13.8,9.0,3.7,9.3,16.0,76.9,24.5,.435,17.4,.513,7.1,.318,12.4,.728,10.5,25.5,35.9,14.7,5.6,2.9,14.8,14.8,68.5,NA,NA,78,83,3.1666666666666665,0.3333333333333333,70.3,66.8,0.788,15.15,5.96,0.9411764705882353,0.6363636363636364,0.85,73.2,110.2,0.372,0.323,0.546,52.7,52.2,12,14.2,0.515,13.3,31.9,0.255,mwc,29.0,.459,21.9,.512,7.1,.347,16.2,.687,12.2,27.1,39.3,15.2,8.9,5.1,11.4,17.5,81.2,24.9,.429,17.4,.484,7.5,.339,13.4,.665,9.2,26.1,35.3,14.7,6.9,4.1,15.3,19.3,70.8,NA,NA,78,82,3.3333333333333335,0.16666666666666666,49.8,46.6
1,south,2,Michigan State,/cbb/schools/michigan-state/men/2025.html,15,Bryant,/cbb/schools/bryant/men/2025.html,0.818,22.46,11.56,0.9375,0.8,0.85,69.2,112.5,0.378,0.327,0.559,56.4,61.6,7.9,13.3,0.512,14.2,35.3,0.296,big-ten,27.3,.461,21.4,.536,6.0,.308,17.5,.781,11.8,28.0,39.8,16.8,5.5,4.5,11.5,17.0,78.2,23.4,.403,16.7,.491,6.7,.279,13.8,.722,9.1,21.6,30.8,12.5,6.0,3.1,11.4,19.5,67.2,NA,NA,76.33333333333333,81,2.5,1,47.4,38.3,0.676,-1.68,-7.55,0.8,0.5882352941176471,0.875,73.5,111.7,0.299,0.354,0.549,53.4,49.5,9.1,14.5,0.52,13.8,34.9,0.214,america-east,30.2,.460,22.4,.528,7.8,.337,14.1,.717,13.4,28.1,41.5,15.0,6.7,6.0,12.0,15.6,82.4,26.6,.416,19.3,.465,7.3,.324,13.3,.718,11.1,25.0,36.1,11.4,6.7,2.4,12.1,17.1,73.9,NA,NA,79.33333333333333,83,3.5,0.16666666666666666,43,42.3
1,west,1,Florida,/cbb/schools/florida/men/2025.html,16,Norfolk State,/cbb/schools/norfolk-state/men/2025.html,0.882,27.98,11.81,0.9375,0.7,0.7777777777777778,70.8,120.6,0.326,0.436,0.578,55.4,52.4,10.9,12.3,0.55,12.6,38.1,0.234,sec,30.3,.473,20.4,.564,9.9,.355,15.0,.718,13.8,28.2,42.0,15.9,7.7,4.7,10.6,17.2,85.4,24.2,.398,17.5,.459,6.7,.296,14.2,.707,11.4,22.4,33.8,11.2,6.3,3.1,12.1,17.1,69.2,NA,NA,77.66666666666667,83,3.1666666666666665,0,60.2,56.9,0.706,-3.63,-7.5,0.9166666666666666,0.47058823529411764,0.7857142857142857,68.2,112.4,0.388,0.288,0.577,51.8,50.3,10.1,9.1,0.537,15.6,32.6,0.293,meac,27.6,.489,22.3,.553,5.4,.331,16.6,.756,10.1,24.6,34.7,13.9,6.9,3.0,12.4,17.6,77.3,23.6,.413,15.6,.469,8.0,.335,13.9,.704,11.4,20.9,32.3,13.7,6.9,3.5,13.2,18.1,69.0,NA,NA,76.83333333333333,81,3.8333333333333335,0,46.3,42.5
1,west,8,UConn,/cbb/schools/connecticut/men/2025.html,9,Oklahoma,/cbb/schools/oklahoma/men/2025.html,0.697,17.83,8.47,0.875,0.6363636363636364,0.7,64.5,118.2,0.306,0.426,0.591,54.9,64,8.1,17.9,0.555,14.6,35.6,0.242,big-east,27.5,.480,18.8,.573,8.6,.354,13.8,.791,11.1,24.5,35.6,17.6,5.3,6.4,11.2,18.0,77.4,22.9,.423,16.4,.460,6.5,.351,15.8,.730,9.3,20.0,29.3,10.1,5.6,2.9,10.2,16.0,68.0,NA,NA,78.66666666666667,82,2.8333333333333335,0.8333333333333334,44.5,37.3,0.606,15.42,11.42,0.7058823529411765,0.2222222222222222,0.3333333333333333,70,112.6,0.396,0.419,0.595,48.4,52,11.2,6.8,0.549,15.4,26.5,0.315,sec,26.3,.472,17.7,.546,8.6,.370,17.5,.794,8.3,23.7,32.1,13.7,7.8,2.3,12.1,18.5,78.8,26.1,.447,18.6,.549,7.5,.305,15.2,.729,11.0,23.2,34.2,12.3,7.2,3.4,12.7,18.2,74.8,NA,NA,76.5,81,3.5,0.16666666666666666,25.4,25.6
1,west,5,Memphis,/cbb/schools/memphis/men/2025.html,12,Colorado State,/cbb/schools/colorado-state/men/2025.html,0.853,12.61,5.69,0.8666666666666667,0.8461538461538461,0.8888888888888888,71.3,111.2,0.394,0.331,0.568,52.1,52,10.8,13.1,0.536,16.4,35.1,0.277,aac,28.1,.474,20.6,.520,7.5,.380,16.4,.702,12.1,25.3,37.4,14.6,7.8,4.7,13.8,17.8,80.1,25.4,.419,17.5,.486,7.9,.322,14.5,.711,12.1,22.4,34.4,13.7,7.6,3.7,13.7,18.7,73.2,NA,NA,77.83333333333333,82,3.6666666666666665,0.3333333333333333,11,8.1,0.735,13.9,5.75,0.875,0.6363636363636364,0.8,66.3,112.2,0.318,0.428,0.592,52.4,62.8,7.6,8,0.558,15.5,26.4,0.246,mwc,26.5,.479,17.8,.565,8.6,.366,13.6,.775,8.1,26.7,34.8,16.6,5.1,2.8,11.6,17.4,75.2,23.6,.422,16.6,.477,7.0,.331,12.8,.681,9.1,22.6,31.7,11.1,6.1,2.6,11.2,17.5,67.1,NA,NA,76.83333333333333,80,3,0,34,30.2
1,west,4,Maryland,/cbb/schools/maryland/men/2025.html,13,Grand Canyon,/cbb/schools/grand-canyon/men/2025.html,0.758,23.53,8.86,0.8947368421052632,0.5,0.7,70.7,115.1,0.329,0.355,0.573,52.3,50.4,11.1,12,0.538,12.6,31,0.249,big-ten,29.1,.472,20.9,.527,8.2,.372,15.3,.755,10.7,26.1,36.7,14.7,7.9,4.5,10.3,15.5,81.7,24.6,.415,18.1,.476,6.5,.307,11.3,.739,9.8,23.8,33.5,12.2,5.0,2.5,14.3,17.9,67.0,NA,NA,78,82,2.6666666666666665,0.5,49.2,43.6,0.788,5.81,-3.04,0.9411764705882353,0.5555555555555556,0.8125,72.7,108.4,0.442,0.339,0.559,52.8,52.2,12.9,13.1,0.514,15.7,32.7,0.324,wac,27.0,.461,20.7,.535,6.2,.315,19.0,.733,11.2,26.2,37.4,14.1,9.4,5.1,13.2,17.4,79.2,24.4,.409,17.8,.459,6.6,.317,13.8,.733,10.5,22.9,33.4,11.8,6.7,3.3,15.1,20.3,69.1,NA,NA,78.16666666666667,82,3.5,0,64.2,68.1
1,west,6,Missouri,/cbb/schools/missouri/men/2025.html,11,Drake,/cbb/schools/drake/men/2025.html,0.667,20.39,9.78,0.9,0.3,0.5555555555555556,69.9,120.3,0.468,0.415,0.599,51.1,49.5,13.4,7.5,0.562,13.2,33.7,0.34,sec,28.0,.485,19.2,.567,8.8,.370,19.6,.725,11.1,23.2,34.3,13.8,9.4,2.7,10.7,18.2,84.5,25.5,.443,18.2,.511,7.3,.334,15.5,.762,11.0,21.8,32.8,12.3,6.5,3.5,14.1,20.3,73.8,NA,NA,77.33333333333333,82,3.1666666666666665,0.5,33,33.7,0.909,9.03,0.06,0.875,0.9090909090909091,0.85,60,114.6,0.426,0.372,0.58,55.3,55.1,14.8,8.5,0.547,15.6,36.2,0.3,mvc,24.2,.481,17.5,.556,6.6,.355,15.1,.705,10.3,20.7,31.0,13.3,9.0,2.4,11.2,15.7,70.1,20.6,.442,15.0,.527,5.6,.310,11.6,.722,7.0,18.1,25.1,9.8,5.2,2.3,13.8,17.2,58.4,NA,NA,78,81,2.8333333333333335,0,7.4,5.1
1,west,3,Texas Tech,/cbb/schools/texas-tech/men/2025.html,14,UNC Wilmington,/cbb/schools/north-carolina-wilmington/men/2025.html,0.758,23.9,10.57,0.8333333333333334,0.8,0.75,66.4,120,0.297,0.446,0.585,53.2,58.5,9.7,8.1,0.555,12.6,34.3,0.227,big-12,28.5,.470,18.2,.543,10.2,.379,13.8,.764,11.6,25.1,36.7,16.6,6.5,3.0,10.0,15.7,80.9,24.1,.426,18.0,.482,6.1,.317,13.2,.695,10.0,22.3,32.3,10.8,6.2,2.7,11.7,16.1,67.6,NA,NA,75.83333333333333,81,2.6666666666666665,0,46.6,44.5,0.794,2.31,-4.5,0.8333333333333334,0.6923076923076923,0.7777777777777778,67.2,116.8,0.374,0.365,0.572,55.2,54.8,9.6,10.4,0.533,13.6,36.7,0.28,coastal,27.8,.472,20.5,.548,7.3,.339,16.5,.748,12.5,26.2,38.7,15.2,6.5,3.5,10.9,16.6,79.4,24.9,.429,16.7,.498,8.2,.335,11.8,.684,9.9,21.5,31.4,11.9,6.1,3.4,11.7,18.5,69.9,NA,NA,78.16666666666667,84,3.6666666666666665,0,35.8,23.4
1,west,7,Kansas,/cbb/schools/kansas/men/2025.html,10,Arkansas,/cbb/schools/arkansas/men/2025.html,0.636,20.7,13.77,0.8235294117647058,0.3333333333333333,0.55,69.1,109,0.243,0.343,0.554,52.6,60.9,8.9,13.1,0.531,14.5,30.4,0.173,big-12,29.1,.471,21.6,.534,7.4,.352,10.7,.711,10.5,28.0,38.5,17.7,6.2,4.8,11.7,14.2,76.2,24.5,.399,16.8,.461,7.7,.309,12.5,.727,10.6,24.1,34.7,12.9,7.5,3.6,10.9,14.5,69.3,NA,NA,78.33333333333333,85,3.3333333333333335,0.6666666666666666,63.4,59.4,0.606,16.64,11.18,0.7777777777777778,0.4,0.4444444444444444,70.4,108.3,0.355,0.367,0.563,50.6,53.2,10.8,15.4,0.527,14.6,27.6,0.261,sec,27.2,.466,20.0,.544,7.1,.333,15.2,.734,9.2,26.1,35.3,14.5,7.6,5.6,11.7,16.1,76.6,25.3,.420,17.7,.485,7.6,.319,12.9,.725,10.3,24.2,34.5,12.3,6.8,2.6,12.4,17.3,71.2,NA,NA,77.83333333333333,86,2.1666666666666665,0.5,10,8.7
1,west,2,St. John's (NY),/cbb/schools/st-johns-ny/men/2025.html,15,Omaha,/cbb/schools/nebraska-omaha/men/2025.html,0.882,21.76,8.93,1,0.8,0.9,70.4,110.2,0.302,0.303,0.525,53.9,53.7,12.8,15.1,0.497,12.9,37.3,0.208,big-east,29.5,.451,23.5,.515,6.0,.304,13.6,.689,14.5,26.4,40.9,15.9,9.2,5.2,11.1,16.6,78.7,23.3,.401,15.7,.458,7.5,.318,11.8,.670,10.7,24.3,35.0,13.0,6.6,3.8,15.6,17.3,65.9,NA,NA,77.5,81,3.1666666666666665,0.6666666666666666,21.8,21.1,0.647,-1.08,-2.86,0.8461538461538461,0.4375,0.8125,69.2,112.7,0.366,0.39,0.571,52.1,49.3,8.6,7.5,0.537,13.8,29.1,0.265,summit,27.1,.466,18.8,.529,8.3,.367,15.4,.724,9.9,25.7,35.6,13.4,6.0,2.4,10.9,18.4,78.1,25.6,.448,16.9,.528,8.7,.346,15.1,.715,8.6,24.1,32.7,12.9,5.9,2.9,10.4,18.5,75.0,NA,NA,76.33333333333333,80,3.3333333333333335,0,50.6,44.2
